{"/RABT00MAR_R_20200010000_01D_EN.rnx": {"i8e": [24.5, 0.32422, 0.004364], "cords": [47.0, 23.78125, 2.849761561151]}},
{"/ZAMB00ZMB_R_20200010000_01D_EN.rnx": {"i8e": [24.5, 0.32422, 0.004364], "cords": [46.0, 10.5625, 2.945479833915]}}